species,m CO,Energy (eV),Eads_average,Eads_total,,,Energy (eV)
Pd20-0CO,0,0,0,0,,CO,-14.79
Pd20-4CO,4,-946.078752,-2.256463815,-9.02585526,,Pd20,-877.8928968
Pd20-5CO,5,-962.0148117,-2.034382978,-10.17191489,,,
Pd20-6CO,6,-978.9811999,-2.058050528,-12.34830317,,,
Pd20-7CO,7,-995.7522043,-2.047043936,-14.32930755,,,
Pd20-8CO,8,-1012.16432,-1.9939279,-15.9514232,,,
Pd20-9CO,9,-1028.015411,-1.890279329,-17.01251396,,,
Pd20-10CO,10,-1044.359278,-1.856638114,-18.56638114,,,
