species,m CO,Energy (eV),Eads_average,Eads_total,,,Energy (eV)
Pd4-1CO,1,-818.5154999,-2.77231248,-2.77231248,,CO,-14.79
Pd4-2CO,2,-835.6022612,-2.534536905,-5.06907381,,Pd4,-800.9531874
Pd4-3CO,3,-851.5302301,-2.069014237,-6.20704271,,,
Pd4-4CO,4,-867.8029895,-1.922450527,-7.68980211,,,
Pd4-5CO,5,-883.5159743,-1.72255738,-8.6127869,,,
